id,customer_id,details_id,details_type
187811,52542,131997,HomeDetails
182670,75115,126856,HomeDetails
195645,37804,139830,HomeDetails
110311,51826,53978,HomeDetails
185386,40640,129572,HomeDetails
172170,112320,115866,HomeDetails
180058,34276,124244,HomeDetails
96119,37499,39755,HomeDetails
187050,42569,131236,HomeDetails
189307,124525,133493,HomeDetails
158312,99127,102008,HomeDetails
104779,46211,48433,HomeDetails
160244,100974,103940,HomeDetails
166240,106657,109936,HomeDetails
168378,108686,112074,HomeDetails
169808,110046,113504,HomeDetails
120507,62171,64192,HomeDetails
192224,126590,136410,HomeDetails
187442,96575,131628,HomeDetails
182319,98995,126505,HomeDetails
180829,119980,125015,HomeDetails
180299,47443,124485,HomeDetails
152796,58762,96492,HomeDetails
180513,119867,124699,HomeDetails
96798,38187,40434,HomeDetails
110425,51940,54092,HomeDetails
171685,111851,115381,HomeDetails
94761,36097,38396,HomeDetails
181425,95421,125611,HomeDetails
170019,110246,113715,HomeDetails
99800,41293,43437,HomeDetails
193350,127513,137536,HomeDetails
104214,45625,47868,HomeDetails
162003,102639,105699,HomeDetails
192256,126590,136442,HomeDetails
180778,13494,124964,HomeDetails
155603,96534,99299,HomeDetails
92320,33215,35888,HomeDetails
180649,32837,124835,HomeDetails
110050,51557,53717,HomeDetails
196066,62593,140252,HomeDetails
180485,33013,124671,HomeDetails
104038,45475,47691,HomeDetails
170500,110709,114196,HomeDetails
193439,55428,137626,HomeDetails
167256,107633,110952,HomeDetails
93510,34691,37078,HomeDetails
100745,42230,44382,HomeDetails
190652,57645,134838,HomeDetails
97038,38436,40674,HomeDetails
135113,76503,78809,HomeDetails
150939,91966,94635,HomeDetails
112330,53868,56000,HomeDetails
154196,95139,97892,HomeDetails
102527,44006,46165,HomeDetails
98860,40328,42497,HomeDetails
190552,124908,134738,HomeDetails
178298,118137,122331,HomeDetails
94482,35809,38117,HomeDetails
144283,85470,87979,HomeDetails
120578,62241,64263,HomeDetails
160485,101060,104181,HomeDetails
91989,32895,35557,HomeDetails
187145,78023,131331,HomeDetails
155952,96872,99648,HomeDetails
176859,116781,120878,HomeDetails
175311,115306,119007,HomeDetails
117181,58803,60858,HomeDetails
90832,3895,3171,HomeDetails
124188,65796,67875,HomeDetails
192203,126570,136389,HomeDetails
113255,54822,56928,HomeDetails
184379,120808,128565,HomeDetails
193310,57080,137496,HomeDetails
186399,122133,130585,HomeDetails
109680,51177,53347,HomeDetails
191693,51304,135879,HomeDetails
165961,106399,109657,HomeDetails
168778,109062,112474,HomeDetails
118583,60225,62263,HomeDetails
102955,44424,46593,HomeDetails
194902,119867,139086,HomeDetails
183996,115447,128182,HomeDetails
102957,3814,46595,HomeDetails
173681,113755,117377,HomeDetails
167328,107699,111024,HomeDetails
152447,93439,96143,HomeDetails
166713,107112,110409,HomeDetails
97657,39080,41293,HomeDetails
161978,102616,105674,HomeDetails
158828,99625,102524,HomeDetails
182320,98995,126506,HomeDetails
162519,103119,106215,HomeDetails
103546,44987,47193,HomeDetails
173346,113435,117042,HomeDetails
143001,84226,86697,HomeDetails
143913,85107,87609,HomeDetails
169557,109800,113253,HomeDetails
95006,36363,38641,HomeDetails
118134,59765,61814,HomeDetails
128872,70394,72568,HomeDetails
175068,6329,118764,HomeDetails
187430,51626,131616,HomeDetails
115147,56740,58823,HomeDetails
93855,35086,37455,HomeDetails
99750,41210,43387,HomeDetails
167819,108163,111515,HomeDetails
137841,79168,81537,HomeDetails
156055,96972,99751,HomeDetails
159149,99923,102845,HomeDetails
182315,98995,126501,HomeDetails
170567,110772,114263,HomeDetails
187142,78023,131328,HomeDetails
185200,36097,129386,HomeDetails
158176,98995,101872,HomeDetails
183924,116110,128110,HomeDetails
99056,40534,42693,HomeDetails
99320,40795,42957,HomeDetails
112267,53806,55937,HomeDetails
176051,116005,120065,HomeDetails
159333,100103,103029,HomeDetails
183299,109216,127485,HomeDetails
190374,125403,134560,HomeDetails
163960,104508,107656,HomeDetails
95828,37205,39464,HomeDetails
97196,38604,40832,HomeDetails
175761,115724,119457,HomeDetails
116605,58222,60282,HomeDetails
128445,69970,72138,HomeDetails
171479,111650,115175,HomeDetails
102985,3614,46623,HomeDetails
94452,35773,38087,HomeDetails
180041,85939,124227,HomeDetails
186298,121990,130484,HomeDetails
170936,111122,114632,HomeDetails
152314,93308,96010,HomeDetails
187513,122988,131699,HomeDetails
111134,52654,54803,HomeDetails
94656,35992,38291,HomeDetails
173041,113147,116737,HomeDetails
158720,99522,102416,HomeDetails
198070,57532,142254,HomeDetails
160224,100956,103920,HomeDetails
197792,131282,141976,HomeDetails
162342,102951,106038,HomeDetails
200369,34898,144546,HomeDetails
197274,64223,141459,HomeDetails
183677,120291,127863,HomeDetails
113698,55269,57371,HomeDetails
169572,109816,113268,HomeDetails
186809,60044,130995,HomeDetails
158173,98995,101869,HomeDetails
187322,56445,131508,HomeDetails
150018,91063,93714,HomeDetails
195494,129308,139679,HomeDetails
183347,110709,127533,HomeDetails
190183,53334,134370,HomeDetails
111658,53193,55327,HomeDetails
166273,106689,109969,HomeDetails
93501,34678,37069,HomeDetails
91089,14639,18824,HomeDetails
97554,38972,41190,HomeDetails
198085,59046,142269,HomeDetails
96035,37416,39671,HomeDetails
190608,60491,134794,HomeDetails
200363,34898,144540,HomeDetails
190200,6329,134386,HomeDetails
169984,110215,113680,HomeDetails
189360,124538,133546,HomeDetails
158543,99353,102239,HomeDetails
186974,84858,131160,HomeDetails
190653,57645,134839,HomeDetails
96453,37835,40089,HomeDetails
156457,97360,100153,HomeDetails
146729,87872,90425,HomeDetails
186972,84858,131158,HomeDetails
190336,33013,134522,HomeDetails
108601,50087,52258,HomeDetails
195987,129709,140172,HomeDetails
181459,96575,125645,HomeDetails
175222,115221,118918,HomeDetails
193473,34678,137659,HomeDetails
119405,61068,63088,HomeDetails
187535,123006,131721,HomeDetails
114838,56436,58514,HomeDetails
169953,110184,113649,HomeDetails
109599,51093,53266,HomeDetails
157139,98010,100835,HomeDetails
150525,91561,94221,HomeDetails
173702,113776,117398,HomeDetails
167467,107834,111163,HomeDetails
155874,96793,99570,HomeDetails
191450,58595,135636,HomeDetails
174462,114499,118158,HomeDetails
185299,45492,129485,HomeDetails
187032,122643,131218,HomeDetails
135116,76506,78812,HomeDetails
170640,110845,114336,HomeDetails
120427,62091,64112,HomeDetails
110872,52391,54541,HomeDetails
95714,37088,39350,HomeDetails
161381,102060,105077,HomeDetails
117258,58879,60935,HomeDetails
90899,6329,5627,HomeDetails
183301,109216,127487,HomeDetails
197626,59930,141811,HomeDetails
126624,68189,70312,HomeDetails
184401,56888,128586,HomeDetails
152463,93454,96159,HomeDetails
129644,36155,73340,HomeDetails
163986,104531,107682,HomeDetails
154028,94975,97724,HomeDetails
93787,35011,37387,HomeDetails
163945,104492,107641,HomeDetails
180259,47538,124445,HomeDetails
190330,125361,134516,HomeDetails
92235,33137,35803,HomeDetails
184457,54033,128643,HomeDetails
126713,68274,70403,HomeDetails
186090,54989,130276,HomeDetails
162002,102638,105698,HomeDetails
163040,103623,106736,HomeDetails
96690,3895,40326,HomeDetails
101799,43281,45437,HomeDetails
148694,89789,92390,HomeDetails
139633,80926,83329,HomeDetails
162427,103028,106123,HomeDetails
182620,68813,126806,HomeDetails
192503,61406,136689,HomeDetails
194943,57180,139128,HomeDetails
105220,46649,48874,HomeDetails
163201,103778,106897,HomeDetails
184501,116150,128687,HomeDetails
183272,108587,127458,HomeDetails
95700,37074,39336,HomeDetails
97399,38817,41035,HomeDetails
123700,65314,67387,HomeDetails
110192,51699,53859,HomeDetails
151017,92044,94713,HomeDetails
170463,110673,114159,HomeDetails
174095,109253,117791,HomeDetails
122926,64553,66612,HomeDetails
146232,87383,89928,HomeDetails
129903,71399,73599,HomeDetails
181549,91561,125735,HomeDetails
165643,36922,109339,HomeDetails
192500,61406,136685,HomeDetails
167202,107579,110898,HomeDetails
189454,124622,133640,HomeDetails
95166,36531,38801,HomeDetails
127689,69230,71380,HomeDetails
186157,108586,130342,HomeDetails
180654,46539,124840,HomeDetails
192786,125059,136972,HomeDetails
173366,113452,117062,HomeDetails
103892,45325,47544,HomeDetails
139794,81087,83490,HomeDetails
139064,73377,82760,HomeDetails
119774,61437,63458,HomeDetails
172625,112752,116321,HomeDetails
94329,35639,37961,HomeDetails
195786,129526,139971,HomeDetails
198101,58299,142285,HomeDetails
107864,49339,51519,HomeDetails
192466,58762,136653,HomeDetails
96073,37454,39709,HomeDetails
185183,34581,129369,HomeDetails
159656,100420,103352,HomeDetails
107025,48492,50680,HomeDetails
156064,96982,99760,HomeDetails
184836,87872,129022,HomeDetails
91947,32837,35515,HomeDetails
93364,34515,36932,HomeDetails
92491,33413,36059,HomeDetails
99558,41049,43195,HomeDetails
169183,109447,112879,HomeDetails
195289,64553,139474,HomeDetails
198044,62111,142228,HomeDetails
95890,37267,39526,HomeDetails
180396,50265,124582,HomeDetails
97214,38622,40850,HomeDetails
192125,126504,136311,HomeDetails
175064,115063,118760,HomeDetails
197876,123006,142060,HomeDetails
186976,84858,131162,HomeDetails
169342,109598,113038,HomeDetails
120645,62308,64330,HomeDetails
186431,122163,130617,HomeDetails
160692,101398,104388,HomeDetails
143654,84858,87350,HomeDetails
97840,39264,41476,HomeDetails
95041,36400,38676,HomeDetails
93524,34708,37092,HomeDetails
196090,61849,140275,HomeDetails
162765,36074,106461,HomeDetails
169153,109419,112849,HomeDetails
182945,93405,127131,HomeDetails
114937,56468,58613,HomeDetails
181640,94172,125826,HomeDetails
190630,59815,134816,HomeDetails
162572,103170,106268,HomeDetails
156061,96979,99757,HomeDetails
188963,124212,133149,HomeDetails
113664,55233,57337,HomeDetails
93818,35044,37418,HomeDetails
158689,99492,102385,HomeDetails
130697,72163,74393,HomeDetails
188276,123617,132462,HomeDetails
93183,34283,36751,HomeDetails
138938,80246,82634,HomeDetails
183349,110709,127535,HomeDetails
91682,23595,25162,HomeDetails
198089,58299,142273,HomeDetails
175353,115346,119049,HomeDetails
197692,108875,141876,HomeDetails
185301,34416,129487,HomeDetails
92324,33220,35892,HomeDetails
195646,78023,139831,HomeDetails
116783,58399,60460,HomeDetails
182425,95145,126611,HomeDetails
106198,47656,49853,HomeDetails
129198,70709,72894,HomeDetails
104182,45625,47836,HomeDetails
111120,52638,54789,HomeDetails
149300,90164,92996,HomeDetails
172884,112998,116580,HomeDetails
173832,113905,117528,HomeDetails
176207,116150,120221,HomeDetails
182318,98995,126504,HomeDetails
180756,119934,124942,HomeDetails
195290,64553,139475,HomeDetails
140582,81857,84278,HomeDetails
103503,32877,47150,HomeDetails
187767,3484,131953,HomeDetails
158226,99043,101922,HomeDetails
186924,122555,131110,HomeDetails
174305,114348,118001,HomeDetails
128158,35366,71849,HomeDetails
93925,35164,37525,HomeDetails
146779,87919,90475,HomeDetails
198553,67486,142735,HomeDetails
94376,35685,38008,HomeDetails
175181,115180,118877,HomeDetails
99124,40602,42761,HomeDetails
102526,44005,46164,HomeDetails
168540,108842,112236,HomeDetails
141291,82547,84987,HomeDetails
166622,69377,110318,HomeDetails
191850,64225,136035,HomeDetails
120143,61809,63828,HomeDetails
171322,111499,115018,HomeDetails
137129,78456,80825,HomeDetails
187047,42569,131233,HomeDetails
180662,46539,124848,HomeDetails
169728,109966,113424,HomeDetails
186089,54989,130275,HomeDetails
156766,97657,100462,HomeDetails
162382,102988,106078,HomeDetails
184458,54033,128644,HomeDetails
170811,48158,114507,HomeDetails
100282,41778,43919,HomeDetails
95419,36798,39054,HomeDetails
192459,34330,136645,HomeDetails
199435,131318,143612,HomeDetails
100619,42099,44256,HomeDetails
182512,87872,126698,HomeDetails
168827,109111,112523,HomeDetails
194515,62091,138701,HomeDetails
197831,131318,142015,HomeDetails
153796,94750,97492,HomeDetails
189723,124831,133909,HomeDetails
96123,37503,39759,HomeDetails
185387,40640,129573,HomeDetails
151352,92373,95048,HomeDetails
197291,115130,141476,HomeDetails
198552,67486,142734,HomeDetails
105440,46869,49094,HomeDetails
165256,105735,108952,HomeDetails
107763,49237,51418,HomeDetails
156620,97516,100316,HomeDetails
93330,34475,36898,HomeDetails
182238,77917,126424,HomeDetails
175316,115311,119012,HomeDetails
179948,119721,124134,HomeDetails
189586,124742,133772,HomeDetails
193441,55428,137623,HomeDetails
111324,52845,54993,HomeDetails
104054,45492,47707,HomeDetails
116392,58004,60069,HomeDetails
178943,118770,123060,HomeDetails
105513,46945,49167,HomeDetails
191468,39579,135654,HomeDetails
187408,122908,131594,HomeDetails
172833,112948,116529,HomeDetails
93062,34131,36630,HomeDetails
164811,105313,108507,HomeDetails
160043,100781,103739,HomeDetails
169412,42230,113108,HomeDetails
159716,100473,103412,HomeDetails
190182,53334,134367,HomeDetails
197080,130657,141265,HomeDetails
147832,88943,91528,HomeDetails
172739,112856,116435,HomeDetails
171948,112101,115644,HomeDetails
150995,92022,94691,HomeDetails
190977,125824,135163,HomeDetails
144281,36798,87977,HomeDetails
108320,49798,51977,HomeDetails
106942,48404,50597,HomeDetails
173758,113833,117454,HomeDetails
189395,124569,133581,HomeDetails
184361,38887,128547,HomeDetails
119035,60691,62717,HomeDetails
151983,92983,95679,HomeDetails
191759,51688,135945,HomeDetails
192458,34330,136644,HomeDetails
128316,69847,72009,HomeDetails
171891,112049,115587,HomeDetails
182692,103174,126878,HomeDetails
184675,99931,128861,HomeDetails
106824,48282,50479,HomeDetails
90977,11181,10674,HomeDetails
198061,3562,142245,HomeDetails
197651,33297,141836,HomeDetails
165997,106433,109693,HomeDetails
187588,123053,131774,HomeDetails
115955,57562,59632,HomeDetails
156106,97024,99802,HomeDetails
156489,97392,100185,HomeDetails
187477,122957,131663,HomeDetails
169340,109596,113036,HomeDetails
159581,100342,103277,HomeDetails
148593,89697,92289,HomeDetails
144236,85423,87932,HomeDetails
183583,53806,127769,HomeDetails
113561,55134,57234,HomeDetails
189305,124525,133491,HomeDetails
168718,109008,112414,HomeDetails
190735,125610,134921,HomeDetails
117140,58762,60817,HomeDetails
176166,85939,120180,HomeDetails
183154,112673,127340,HomeDetails
180077,47890,124263,HomeDetails
154134,95076,97830,HomeDetails
118406,60044,62086,HomeDetails
180465,77226,124651,HomeDetails
198104,3562,142288,HomeDetails
190363,125361,134549,HomeDetails
198197,131575,142381,HomeDetails
109278,50760,52935,HomeDetails
189381,41385,133567,HomeDetails
189329,98745,133515,HomeDetails
198175,131547,142359,HomeDetails
90671,3484,3010,HomeDetails
181426,95421,125612,HomeDetails
196733,130353,140918,HomeDetails
102499,43978,46137,HomeDetails
124012,65622,67699,HomeDetails
181712,75115,125898,HomeDetails
184729,37503,128915,HomeDetails
172542,112675,116238,HomeDetails
191546,52638,135732,HomeDetails
168980,109253,112676,HomeDetails
135757,77141,79453,HomeDetails
184402,57853,128588,HomeDetails
153362,94332,97058,HomeDetails
164465,104980,108161,HomeDetails
141467,82719,85163,HomeDetails
103434,44879,47077,HomeDetails
196623,130241,140808,HomeDetails
195700,62241,139885,HomeDetails
107787,49262,51442,HomeDetails
110262,51773,53929,HomeDetails
102061,43543,45699,HomeDetails
191806,48282,135992,HomeDetails
108596,50082,52253,HomeDetails
186807,60044,130993,HomeDetails
120626,62289,64311,HomeDetails
191934,46704,136120,HomeDetails
114798,56393,58474,HomeDetails
103339,44788,46982,HomeDetails
111318,52841,54987,HomeDetails
191313,126127,135499,HomeDetails
106700,48158,50355,HomeDetails
163017,103600,106713,HomeDetails
167737,108086,111433,HomeDetails
146851,86980,90547,HomeDetails
98976,40434,42613,HomeDetails
104873,46299,48527,HomeDetails
121453,63099,65138,HomeDetails
157322,98183,101018,HomeDetails
166943,107330,110639,HomeDetails
137404,78728,81100,HomeDetails
137820,79147,81516,HomeDetails
153804,94759,97500,HomeDetails
159856,100603,103552,HomeDetails
174139,114188,117835,HomeDetails
118847,60491,62529,HomeDetails
170659,110863,114355,HomeDetails
175256,115254,118952,HomeDetails
191497,54273,135683,HomeDetails
187143,78023,131329,HomeDetails
187766,3484,131952,HomeDetails
170499,110709,114195,HomeDetails
183348,110709,127534,HomeDetails
180311,46469,124497,HomeDetails
190723,60691,134909,HomeDetails
165386,105859,109082,HomeDetails
180964,120059,125150,HomeDetails
180258,49262,124444,HomeDetails
152248,93243,95944,HomeDetails
126895,68453,70585,HomeDetails
172952,113065,116648,HomeDetails
152596,93585,96292,HomeDetails
168953,109216,112649,HomeDetails
165213,105694,108909,HomeDetails
107675,49151,51330,HomeDetails
183995,98885,128181,HomeDetails
191069,125856,135255,HomeDetails
175727,106234,119423,HomeDetails
184646,120904,128832,HomeDetails
191011,125856,135197,HomeDetails
180074,55134,124260,HomeDetails
180717,119900,124903,HomeDetails
195470,129259,139655,HomeDetails
156287,97198,99983,HomeDetails
100596,42076,44233,HomeDetails
147770,88883,91466,HomeDetails
157681,98528,101377,HomeDetails
103711,45150,47360,HomeDetails
194993,45249,139178,HomeDetails
191879,46649,136065,HomeDetails
151752,92758,95448,HomeDetails
100590,42070,44227,HomeDetails
165215,105694,108911,HomeDetails
127266,68813,70956,HomeDetails
186425,122158,130611,HomeDetails
189304,124524,133490,HomeDetails
174118,114169,117814,HomeDetails
116974,58595,60651,HomeDetails
184463,52688,128649,HomeDetails
157463,98315,101159,HomeDetails
160465,101060,104161,HomeDetails
185081,121170,129267,HomeDetails
104341,45779,47995,HomeDetails
196059,63099,140244,HomeDetails
146826,87966,90522,HomeDetails
190631,59815,134817,HomeDetails
195161,129019,139346,HomeDetails
108058,3615,51714,HomeDetails
140410,81688,84106,HomeDetails
150217,91262,93913,HomeDetails
192900,127152,137086,HomeDetails
149082,90164,92778,HomeDetails
167974,108304,111670,HomeDetails
169594,109800,113290,HomeDetails
133782,75197,77478,HomeDetails
95116,36477,38751,HomeDetails
186832,53163,131018,HomeDetails
106154,47611,49809,HomeDetails
182954,94172,127140,HomeDetails
106231,47691,49886,HomeDetails
177687,117558,121706,HomeDetails
176413,116350,120427,HomeDetails
180791,78570,124977,HomeDetails
101391,42879,45028,HomeDetails
93260,34388,36828,HomeDetails
155323,96251,99019,HomeDetails
114873,56468,58549,HomeDetails
175520,115504,119216,HomeDetails
184306,120741,128492,HomeDetails
113666,55235,57339,HomeDetails
93813,35039,37413,HomeDetails
162156,102777,105852,HomeDetails
161967,102605,105663,HomeDetails
136582,77921,80278,HomeDetails
102476,43955,46114,HomeDetails
187716,123165,131902,HomeDetails
95882,37259,39518,HomeDetails
119209,60870,62892,HomeDetails
111730,53262,55400,HomeDetails
181428,95421,125614,HomeDetails
147735,88849,91431,HomeDetails
131924,73377,75620,HomeDetails
191749,50516,135935,HomeDetails
93479,34653,37047,HomeDetails
102657,44132,46295,HomeDetails
184516,56186,128702,HomeDetails
172651,112777,116347,HomeDetails
93866,35097,37466,HomeDetails
180759,55269,124945,HomeDetails
109075,50560,52732,HomeDetails
127295,68813,70985,HomeDetails
182048,56332,126234,HomeDetails
177037,116952,121056,HomeDetails
104345,45783,47999,HomeDetails
180602,45538,124788,HomeDetails
194408,128447,138594,HomeDetails
158175,98995,101871,HomeDetails
196720,130341,140905,HomeDetails
103512,44953,47159,HomeDetails
193309,57080,137495,HomeDetails
179607,119404,123756,HomeDetails
177735,117600,121754,HomeDetails
191518,34416,135704,HomeDetails
135928,35366,79624,HomeDetails
166425,106834,110121,HomeDetails
99713,41210,43350,HomeDetails
131389,72843,75085,HomeDetails
165719,99931,109415,HomeDetails
162013,102649,105709,HomeDetails
98715,40182,42352,HomeDetails
161342,98995,105038,HomeDetails
120728,61849,64413,HomeDetails
94193,35480,37825,HomeDetails
188940,51826,133126,HomeDetails
162576,103174,106272,HomeDetails
182441,95145,126627,HomeDetails
174183,114229,117879,HomeDetails
163893,104440,107589,HomeDetails
187815,35086,132001,HomeDetails
180793,78570,124979,HomeDetails
186040,59356,130226,HomeDetails
110361,51876,54028,HomeDetails
177277,117176,121296,HomeDetails
197828,131318,142012,HomeDetails
94900,36242,38535,HomeDetails
197290,62827,141475,HomeDetails
176577,116508,120596,HomeDetails
111828,53362,55498,HomeDetails
111799,53334,55469,HomeDetails
96192,37573,39828,HomeDetails
177286,117185,121305,HomeDetails
195687,58165,139872,HomeDetails
183216,112777,127402,HomeDetails
156999,97878,100695,HomeDetails
147254,88385,90950,HomeDetails
182308,90164,126494,HomeDetails
98026,39462,41662,HomeDetails
180466,77226,124652,HomeDetails
115927,57532,59603,HomeDetails
186833,53163,131019,HomeDetails
101161,42647,44798,HomeDetails
152227,93222,95923,HomeDetails
180076,47890,124262,HomeDetails
176222,116164,120236,HomeDetails
92109,33013,35677,HomeDetails
114847,56445,58523,HomeDetails
95542,36922,39178,HomeDetails
191809,34032,135995,HomeDetails
180164,100974,124350,HomeDetails
191815,47693,136001,HomeDetails
167575,107934,111271,HomeDetails
182883,103119,127069,HomeDetails
143090,84307,86786,HomeDetails
153852,6329,97548,HomeDetails
180075,55134,124261,HomeDetails
119743,61406,63426,HomeDetails
101544,43026,45182,HomeDetails
174210,114256,117906,HomeDetails
92256,33157,35824,HomeDetails
95871,37247,39507,HomeDetails
192123,126502,136309,HomeDetails
155648,96575,99344,HomeDetails
184499,45112,128685,HomeDetails
183018,98995,127204,HomeDetails
175217,115216,118913,HomeDetails
96306,37690,39942,HomeDetails
189816,124920,134002,HomeDetails
176162,116110,120176,HomeDetails
197460,130991,141645,HomeDetails
94701,3234,38336,HomeDetails
93419,34581,36987,HomeDetails
156610,97507,100306,HomeDetails
165903,106346,109599,HomeDetails
178723,118550,122823,HomeDetails
197846,131334,142030,HomeDetails
191465,51826,135651,HomeDetails
184230,34031,128416,HomeDetails
167716,108066,111412,HomeDetails
179017,118841,123135,HomeDetails
190278,125312,134464,HomeDetails
151211,92234,94907,HomeDetails
112722,54273,56393,HomeDetails
142791,84025,86487,HomeDetails
168725,109008,112421,HomeDetails
120446,62111,64131,HomeDetails
181472,96575,125658,HomeDetails
125587,67162,69274,HomeDetails
117169,58791,60846,HomeDetails
187810,53721,131996,HomeDetails
133572,74997,77268,HomeDetails
197088,130664,141273,HomeDetails
195130,108121,139315,HomeDetails
118180,59815,61860,HomeDetails
185320,58924,129506,HomeDetails
197861,52841,142045,HomeDetails
103816,45249,47465,HomeDetails
180321,47718,124507,HomeDetails
163994,104538,107690,HomeDetails
124815,66406,68502,HomeDetails
185566,34691,129751,HomeDetails
127533,69076,71224,HomeDetails
182444,95145,126630,HomeDetails
91106,19892,20061,HomeDetails
195678,55157,139863,HomeDetails
196856,53193,141041,HomeDetails
163888,104440,107584,HomeDetails
155109,96046,98805,HomeDetails
165299,105776,108995,HomeDetails
181430,95421,125616,HomeDetails
148714,56393,92410,HomeDetails
157022,97901,100718,HomeDetails
174451,90164,118147,HomeDetails
164344,104866,108040,HomeDetails
99858,23526,43495,HomeDetails
182306,90164,126492,HomeDetails
191453,58004,135639,HomeDetails
149979,91030,93675,HomeDetails
188761,41450,132947,HomeDetails
115294,56888,58970,HomeDetails
192465,58762,136651,HomeDetails
178570,118406,122644,HomeDetails
159721,100478,103417,HomeDetails
100004,41496,43641,HomeDetails
171766,111931,115462,HomeDetails
180529,46689,124715,HomeDetails
188818,124123,133004,HomeDetails
155887,96806,99583,HomeDetails
184404,57853,128590,HomeDetails
189344,56436,133530,HomeDetails
94801,36139,38436,HomeDetails
168300,108610,111996,HomeDetails
109154,50642,52811,HomeDetails
188237,85939,132423,HomeDetails
165193,105672,108889,HomeDetails
168792,109075,112488,HomeDetails
135027,76418,78723,HomeDetails
178705,118532,122805,HomeDetails
161380,102059,105076,HomeDetails
176991,116908,121010,HomeDetails
91414,21060,21943,HomeDetails
187039,122650,131225,HomeDetails
188943,55233,133129,HomeDetails
114227,55798,57900,HomeDetails
148801,89889,92497,HomeDetails
168573,108875,112269,HomeDetails
192570,126858,136756,HomeDetails
92992,34031,36560,HomeDetails
102981,3562,46619,HomeDetails
180979,110473,125165,HomeDetails
186325,115447,130511,HomeDetails
176240,36477,120254,HomeDetails
194511,96575,138697,HomeDetails
196057,63099,140242,HomeDetails
191321,126136,135507,HomeDetails
197144,130717,141329,HomeDetails
183388,112101,127574,HomeDetails
139882,81173,83578,HomeDetails
171472,111641,115168,HomeDetails
198050,34708,142234,HomeDetails
133972,75379,77668,HomeDetails
187540,123009,131726,HomeDetails
115483,57080,59159,HomeDetails
169096,109363,112792,HomeDetails
93179,34276,36747,HomeDetails
182409,97657,126595,HomeDetails
167761,108108,111457,HomeDetails
111844,53378,55514,HomeDetails
152221,93216,95917,HomeDetails
175131,115130,118827,HomeDetails
105260,46689,48914,HomeDetails
181397,101060,125583,HomeDetails
155594,96525,99290,HomeDetails
196118,129747,140303,HomeDetails
174962,114974,118658,HomeDetails
156585,97485,100281,HomeDetails
144955,86136,88651,HomeDetails
93214,34330,36782,HomeDetails
176112,113776,120126,HomeDetails
99160,40640,42797,HomeDetails
186966,51557,131152,HomeDetails
175091,115092,118787,HomeDetails
185307,118406,129493,HomeDetails
148307,89414,92003,HomeDetails
126136,67706,69823,HomeDetails
109755,51259,53422,HomeDetails
163977,104522,107673,HomeDetails
96295,37679,39931,HomeDetails
114397,55977,58072,HomeDetails
99205,40682,42842,HomeDetails
106442,47902,50097,HomeDetails
95686,37060,39322,HomeDetails
158057,98885,101753,HomeDetails
116548,58165,60225,HomeDetails
192910,127161,137096,HomeDetails
94738,36074,38373,HomeDetails
105275,46704,48929,HomeDetails
169177,109440,112873,HomeDetails
91694,23607,25174,HomeDetails
198066,3562,142250,HomeDetails
186692,122404,130878,HomeDetails
190578,125589,134764,HomeDetails
183055,36074,127241,HomeDetails
197138,130711,141323,HomeDetails
98410,39860,42047,HomeDetails
160476,101060,104172,HomeDetails
117665,59287,61343,HomeDetails
184979,40328,129165,HomeDetails
198049,34708,142233,HomeDetails
113420,54989,57093,HomeDetails
100415,41895,44052,HomeDetails
96343,37726,39979,HomeDetails
159054,99833,102750,HomeDetails
106256,47718,49911,HomeDetails
172270,112418,115966,HomeDetails
193427,51876,137614,HomeDetails
154201,95143,97897,HomeDetails
91941,32828,35509,HomeDetails
114317,45112,57992,HomeDetails
169017,109287,112713,HomeDetails
191655,34032,135841,HomeDetails
103365,44816,47008,HomeDetails
122322,58165,66008,HomeDetails
187321,56445,131507,HomeDetails
109032,50516,52689,HomeDetails
108106,49583,51762,HomeDetails
156408,97314,100104,HomeDetails
199601,62171,143778,HomeDetails
180354,49085,124540,HomeDetails
177844,117702,121863,HomeDetails
111025,52542,54694,HomeDetails
185920,37804,130106,HomeDetails
95775,37152,39411,HomeDetails
156955,97835,100651,HomeDetails
180300,10686,124486,HomeDetails
193988,128040,138174,HomeDetails
153099,94081,96795,HomeDetails
96716,38106,40352,HomeDetails
102613,44088,46251,HomeDetails
139960,81249,83656,HomeDetails
101752,43235,45390,HomeDetails
175755,115718,119451,HomeDetails
107713,49190,51368,HomeDetails
126049,67618,69736,HomeDetails
163160,103737,106856,HomeDetails
94389,35705,38024,HomeDetails
94109,35395,37741,HomeDetails
191322,126137,135508,HomeDetails
193785,126127,137971,HomeDetails
182955,94172,127141,HomeDetails
166801,107196,110497,HomeDetails
94188,35475,37820,HomeDetails
183984,98745,128170,HomeDetails
98773,40242,42410,HomeDetails
163038,103621,106734,HomeDetails
192781,127058,136967,HomeDetails
185388,121337,129574,HomeDetails
185321,58924,129507,HomeDetails
159157,99931,102853,HomeDetails
95498,36876,39134,HomeDetails
153193,94172,96889,HomeDetails
184233,55977,128419,HomeDetails
198064,3562,142248,HomeDetails
195644,3234,139829,HomeDetails
171167,111344,114863,HomeDetails
189193,40380,133379,HomeDetails
182412,97657,126598,HomeDetails
96347,37730,39983,HomeDetails
104427,45865,48081,HomeDetails
180637,34131,124823,HomeDetails
103635,32927,47283,HomeDetails
189331,53917,133517,HomeDetails
185211,94172,129397,HomeDetails
185249,97314,129435,HomeDetails
152220,93215,95916,HomeDetails
191389,126175,135575,HomeDetails
167130,107508,110826,HomeDetails
180204,45865,124390,HomeDetails
107363,48835,51018,HomeDetails
167000,107383,110696,HomeDetails
183999,96525,128185,HomeDetails
99874,41365,43511,HomeDetails
94877,36218,38512,HomeDetails
172723,112840,116419,HomeDetails
178862,118686,122979,HomeDetails
115297,56891,58973,HomeDetails
182316,98995,126502,HomeDetails
98201,39645,41837,HomeDetails
188911,58222,133097,HomeDetails
123853,65464,67540,HomeDetails
91015,13494,13126,HomeDetails
195442,129259,139627,HomeDetails
146006,59765,89702,HomeDetails
91549,23000,23460,HomeDetails
185491,121428,129677,HomeDetails
100927,42415,44564,HomeDetails
194908,34711,139093,HomeDetails
168886,109166,112582,HomeDetails
100797,42284,44434,HomeDetails
152218,93214,95914,HomeDetails
197473,124831,141658,HomeDetails
154159,95102,97855,HomeDetails
95027,36386,38662,HomeDetails
180461,47706,124647,HomeDetails
93283,34416,36851,HomeDetails
112377,53917,56047,HomeDetails
172979,113089,116675,HomeDetails
182694,103174,126880,HomeDetails
94150,35437,37782,HomeDetails
171678,48432,115374,HomeDetails
106244,47706,49899,HomeDetails
183602,51177,127788,HomeDetails
169390,109643,113086,HomeDetails
106233,47693,49888,HomeDetails
189804,124908,133990,HomeDetails
157902,98745,101598,HomeDetails
198041,60809,142225,HomeDetails
161787,102434,105483,HomeDetails
133694,75115,77390,HomeDetails
137375,78699,81071,HomeDetails
179097,118920,123215,HomeDetails
165202,105683,108898,HomeDetails
190534,125550,134720,HomeDetails
185241,121262,129427,HomeDetails
160169,98995,103865,HomeDetails
161842,102489,105538,HomeDetails
151635,92642,95331,HomeDetails
158149,98972,101845,HomeDetails
191529,52796,135715,HomeDetails
159393,41210,103089,HomeDetails
178244,118086,122277,HomeDetails
98896,40367,42533,HomeDetails
102238,43718,45876,HomeDetails
127837,69377,71528,HomeDetails
184074,120580,128260,HomeDetails
197338,109363,141523,HomeDetails
190969,82719,135155,HomeDetails
186975,84858,131161,HomeDetails
175525,115509,119221,HomeDetails
186166,60133,130352,HomeDetails
177338,117235,121357,HomeDetails
170258,110473,113954,HomeDetails
113349,54915,57022,HomeDetails
186041,59356,130227,HomeDetails
92993,34032,36561,HomeDetails
159052,99831,102748,HomeDetails
184013,97901,128199,HomeDetails
111628,53163,55297,HomeDetails
183953,86453,128139,HomeDetails
137243,78570,80939,HomeDetails
159329,100099,103025,HomeDetails
143288,84501,86984,HomeDetails
96740,38130,40376,HomeDetails
197633,59930,141818,HomeDetails
186247,121990,130433,HomeDetails
187794,51571,131980,HomeDetails
122103,63746,65789,HomeDetails
171883,112039,115579,HomeDetails
105486,46917,49140,HomeDetails
174753,114776,118449,HomeDetails
115583,57180,59259,HomeDetails
143076,84293,86772,HomeDetails
122373,64013,66059,HomeDetails
197185,130756,141370,HomeDetails
186383,121955,130569,HomeDetails
118491,60133,62171,HomeDetails
196975,130557,141160,HomeDetails
189192,124428,133378,HomeDetails
184014,40602,128200,HomeDetails
99894,41385,43531,HomeDetails
185417,121365,129603,HomeDetails
105009,46436,48663,HomeDetails
193090,127325,137276,HomeDetails
138252,79574,81948,HomeDetails
171183,111360,114879,HomeDetails
184515,56186,128701,HomeDetails
117401,59021,61078,HomeDetails
111275,52796,54944,HomeDetails
155228,96165,98924,HomeDetails
93125,34203,36693,HomeDetails
144757,85939,88453,HomeDetails
190515,125535,134701,HomeDetails
120627,62290,64312,HomeDetails
189969,125059,134155,HomeDetails
190680,57521,134866,HomeDetails
168720,109010,112416,HomeDetails
173902,108610,117598,HomeDetails
106893,48353,50548,HomeDetails
92424,33341,35992,HomeDetails
154136,95077,97832,HomeDetails
104046,45483,47699,HomeDetails
145814,86980,89510,HomeDetails
163653,104218,107349,HomeDetails
113405,52688,57078,HomeDetails
185921,121779,130107,HomeDetails
107375,48848,51030,HomeDetails
191767,34127,135953,HomeDetails
103159,44615,46800,HomeDetails
90966,10686,10161,HomeDetails
172462,112601,116158,HomeDetails
96333,37717,39969,HomeDetails
165790,106234,109486,HomeDetails
117427,59046,61104,HomeDetails
98299,39749,41936,HomeDetails
172325,112469,116021,HomeDetails
159675,100436,103371,HomeDetails
197457,130986,141642,HomeDetails
93527,34711,37095,HomeDetails
199619,62290,143796,HomeDetails
180794,78570,124980,HomeDetails
95389,36768,39024,HomeDetails
161781,102434,105477,HomeDetails
192725,127005,136911,HomeDetails
121587,63233,65272,HomeDetails
103394,44843,47037,HomeDetails
106045,47498,49700,HomeDetails
96850,38239,40486,HomeDetails
160133,100867,103829,HomeDetails
141678,82930,85374,HomeDetails
190105,125186,134291,HomeDetails
197293,62827,141478,HomeDetails
190268,125304,134454,HomeDetails
179194,119014,123313,HomeDetails
146085,87238,89781,HomeDetails
150661,91693,94357,HomeDetails
112184,53721,55854,HomeDetails
176497,116431,120511,HomeDetails
189182,124423,133368,HomeDetails
136686,78023,80382,HomeDetails
117733,59356,61411,HomeDetails
176213,108163,120227,HomeDetails
189334,49151,133520,HomeDetails
98535,39995,42172,HomeDetails
100339,41832,43976,HomeDetails
173058,44005,116754,HomeDetails
100850,42337,44487,HomeDetails
196857,53193,141042,HomeDetails
183548,120187,127734,HomeDetails
189346,56436,133532,HomeDetails
170362,110573,114058,HomeDetails
121175,62827,64860,HomeDetails
163999,104543,107695,HomeDetails
136241,77587,79937,HomeDetails
197567,131090,141752,HomeDetails
179204,119024,123323,HomeDetails
152252,93248,95948,HomeDetails
174726,114750,118422,HomeDetails
162811,103400,106507,HomeDetails
151570,92580,95266,HomeDetails
96719,38109,40355,HomeDetails
113164,54730,56837,HomeDetails
133880,75295,77576,HomeDetails
156343,97024,100039,HomeDetails
95799,37176,39435,HomeDetails
116685,58299,60362,HomeDetails
187795,51571,131981,HomeDetails
115045,56635,58721,HomeDetails
112541,52703,56211,HomeDetails
180541,10686,124727,HomeDetails
186237,51093,130423,HomeDetails
135901,3553,79597,HomeDetails
104709,46142,48363,HomeDetails
116038,57645,59715,HomeDetails
180373,50760,124559,HomeDetails
142739,83974,86435,HomeDetails
174230,114276,117926,HomeDetails
183522,120187,127708,HomeDetails
104364,45802,48018,HomeDetails
135897,3562,79593,HomeDetails
119662,61323,63345,HomeDetails
99876,41367,43513,HomeDetails
180490,119849,124676,HomeDetails
125859,67430,69546,HomeDetails
189655,124806,133841,HomeDetails
152742,93730,96438,HomeDetails
181535,94759,125721,HomeDetails
101592,43074,45230,HomeDetails
95513,36893,39149,HomeDetails
128112,69651,71803,HomeDetails
135933,77285,79629,HomeDetails
193231,55798,137417,HomeDetails
133479,74907,77175,HomeDetails
197243,130815,141428,HomeDetails
172961,113074,116657,HomeDetails
188935,58879,133121,HomeDetails
172410,40602,116106,HomeDetails
163466,104040,107162,HomeDetails
185332,121295,129518,HomeDetails
98136,39579,41772,HomeDetails
178843,118667,122944,HomeDetails
119065,60727,62747,HomeDetails
183300,109216,127486,HomeDetails
181694,91030,125880,HomeDetails
193229,55798,137415,HomeDetails
104181,45625,47835,HomeDetails
98915,40389,42552,HomeDetails
176147,85939,120161,HomeDetails
96012,37394,39648,HomeDetails
186206,121955,130392,HomeDetails
156074,96992,99770,HomeDetails
168583,108886,112279,HomeDetails
93634,34838,37234,HomeDetails
191045,125886,135231,HomeDetails
187146,78023,131332,HomeDetails
184774,120997,128960,HomeDetails
183066,103600,127252,HomeDetails
114595,56186,58270,HomeDetails
192228,126593,136414,HomeDetails
180608,47902,124794,HomeDetails
159596,60727,103292,HomeDetails
161509,102182,105205,HomeDetails
184498,45112,128684,HomeDetails
173056,113162,116752,HomeDetails
110115,51626,53782,HomeDetails
168277,108586,111973,HomeDetails
99958,41450,43595,HomeDetails
91513,22618,22998,HomeDetails
137904,62111,81600,HomeDetails
145686,86856,89382,HomeDetails
163915,104464,107611,HomeDetails
187560,123027,131746,HomeDetails
145397,86572,89093,HomeDetails
175879,115842,119893,HomeDetails
102174,43657,45812,HomeDetails
136579,77917,80275,HomeDetails
176779,116703,120798,HomeDetails
182317,98995,126503,HomeDetails
123224,64847,66910,HomeDetails
174893,114909,118589,HomeDetails
114965,56557,58641,HomeDetails
168278,108587,111974,HomeDetails
95422,36801,39057,HomeDetails
180792,78570,124978,HomeDetails
188393,123726,132579,HomeDetails
154945,95884,98641,HomeDetails
112740,54293,56411,HomeDetails
113854,55428,57527,HomeDetails
112486,54033,56156,HomeDetails
157615,98463,101311,HomeDetails
175460,115447,119156,HomeDetails
106543,3807,50198,HomeDetails
159161,99934,102857,HomeDetails
190184,117176,134369,HomeDetails
117303,58924,60980,HomeDetails
180442,49237,124628,HomeDetails
157512,98363,101208,HomeDetails
187611,123074,131797,HomeDetails
105434,46865,49088,HomeDetails
155776,96696,99472,HomeDetails
103032,44494,46670,HomeDetails
108003,49479,51659,HomeDetails
188902,78728,133088,HomeDetails
145276,86453,88972,HomeDetails
107061,48531,50716,HomeDetails
148181,89288,91877,HomeDetails
183479,120150,127665,HomeDetails
103674,45112,47323,HomeDetails
107519,48995,51174,HomeDetails
100548,42029,44185,HomeDetails
167481,107846,111177,HomeDetails
180723,119905,124909,HomeDetails
146090,87247,89786,HomeDetails
186770,122477,130956,HomeDetails
179505,119309,123654,HomeDetails
127294,68813,70984,HomeDetails
167775,108121,111471,HomeDetails
172160,112309,115856,HomeDetails
113681,55251,57354,HomeDetails
191804,47498,135990,HomeDetails
156346,97254,100042,HomeDetails
183302,109216,127488,HomeDetails
93688,34898,37288,HomeDetails
155740,69169,99436,HomeDetails
107609,49085,51264,HomeDetails
92096,32999,35664,HomeDetails
96420,37804,40056,HomeDetails
160464,101181,104160,HomeDetails
113587,55157,57260,HomeDetails
97910,39336,41546,HomeDetails
183909,111650,128095,HomeDetails
158174,98995,101870,HomeDetails
180207,44132,124393,HomeDetails
93909,35146,37509,HomeDetails
182621,68813,126807,HomeDetails
185184,34581,129370,HomeDetails
187357,51304,131543,HomeDetails
177160,117066,121179,HomeDetails
181548,91561,125734,HomeDetails
94879,36220,38514,HomeDetails
140918,81857,84614,HomeDetails
164783,105285,108479,HomeDetails
184393,56888,128579,HomeDetails
144644,36097,88340,HomeDetails
125916,67486,69603,HomeDetails
194854,128838,139039,HomeDetails
150364,91405,94060,HomeDetails
166782,107177,110478,HomeDetails
124695,66292,68382,HomeDetails
200373,105735,144550,HomeDetails
105041,46469,48695,HomeDetails
189213,34031,133399,HomeDetails
140655,81929,84351,HomeDetails
170177,110400,113873,HomeDetails
143929,85123,87625,HomeDetails
180601,33323,124787,HomeDetails
183326,109062,127512,HomeDetails
169351,109598,113047,HomeDetails
195715,129464,139900,HomeDetails
174442,114481,118138,HomeDetails
103255,44706,46896,HomeDetails
187444,96575,131630,HomeDetails
194633,128635,138819,HomeDetails
183812,120410,127998,HomeDetails
180195,48404,124381,HomeDetails
177008,116924,121027,HomeDetails
167293,107669,110989,HomeDetails
170634,110839,114330,HomeDetails
171023,111207,114719,HomeDetails
190679,57521,134865,HomeDetails
160468,101181,104164,HomeDetails
186831,50082,131017,HomeDetails
103909,45342,47561,HomeDetails
180438,48353,124624,HomeDetails
144014,85205,87710,HomeDetails
196035,56557,140220,HomeDetails
184837,87872,129023,HomeDetails
127625,69169,71316,HomeDetails
112552,54099,56222,HomeDetails
101083,42569,44720,HomeDetails
169908,110140,113604,HomeDetails
96141,37522,39777,HomeDetails
142458,83696,86154,HomeDetails
196032,56557,140217,HomeDetails
183673,120287,127859,HomeDetails
103048,33217,46686,HomeDetails
179361,119169,123480,HomeDetails
176588,116519,120607,HomeDetails
159005,99785,102701,HomeDetails
113412,54979,57085,HomeDetails
180643,49798,124829,HomeDetails
154483,95421,98179,HomeDetails
154202,95145,97898,HomeDetails
122591,64225,66277,HomeDetails
107676,49152,51331,HomeDetails
106318,47773,49973,HomeDetails
187144,122734,131330,HomeDetails
135843,77226,79539,HomeDetails
106430,47890,50085,HomeDetails
180007,35164,124193,HomeDetails
134765,76156,78461,HomeDetails
184674,99931,128860,HomeDetails
192025,126417,136211,HomeDetails
186258,122001,130444,HomeDetails
181476,96575,125662,HomeDetails
190370,125399,134556,HomeDetails
198083,62111,142267,HomeDetails
122342,63983,66028,HomeDetails
175685,115652,119381,HomeDetails
92394,33297,35962,HomeDetails
172540,112673,116236,HomeDetails
187481,118550,131667,HomeDetails
168897,109175,112593,HomeDetails
174765,114788,118461,HomeDetails
173768,113843,117464,HomeDetails
170375,110586,114071,HomeDetails
181429,95421,125615,HomeDetails
94938,36283,38573,HomeDetails
185709,121577,129895,HomeDetails
142348,83590,86044,HomeDetails
191742,53868,135928,HomeDetails
93926,35165,37526,HomeDetails
108782,50265,52439,HomeDetails
153594,94555,97290,HomeDetails
187009,122625,131195,HomeDetails
177934,117789,121953,HomeDetails
145571,86743,89267,HomeDetails
163544,104115,107240,HomeDetails
151869,92875,95565,HomeDetails
198098,57532,142282,HomeDetails
190168,114974,134354,HomeDetails
166298,106714,109994,HomeDetails
102224,41210,45862,HomeDetails
191616,50642,135802,HomeDetails
110180,51688,53847,HomeDetails
169570,109814,113266,HomeDetails
194906,37804,139091,HomeDetails
168939,109216,112635,HomeDetails
196957,130540,141142,HomeDetails
185117,121196,129303,HomeDetails
186723,122433,130909,HomeDetails
174452,114489,118148,HomeDetails
159465,48531,103161,HomeDetails
162924,103510,106620,HomeDetails
172761,112878,116457,HomeDetails
114804,56401,58480,HomeDetails
119151,60809,62833,HomeDetails
180293,45783,124479,HomeDetails
93058,34127,36626,HomeDetails
92410,33323,35978,HomeDetails
98005,39441,41641,HomeDetails
106082,47538,49737,HomeDetails
195680,61809,139865,HomeDetails
109799,51304,53466,HomeDetails
155313,96251,99009,HomeDetails
154268,95211,97964,HomeDetails
105994,47443,49649,HomeDetails
95761,37138,39397,HomeDetails
162309,102921,106005,HomeDetails
112447,53993,56117,HomeDetails
110064,51571,53731,HomeDetails
99852,41343,43489,HomeDetails
194517,62091,138703,HomeDetails
136815,61323,80511,HomeDetails
192480,59765,136666,HomeDetails
106968,48432,50623,HomeDetails
198096,60809,142280,HomeDetails
120940,62593,64625,HomeDetails
118295,59930,61975,HomeDetails
170881,111070,114577,HomeDetails
119240,60902,62923,HomeDetails
183584,53806,127770,HomeDetails
179926,119702,124112,HomeDetails
96404,37788,40040,HomeDetails
191697,55233,135883,HomeDetails
180166,100974,124352,HomeDetails
155886,96805,99582,HomeDetails
99573,41063,43210,HomeDetails
99854,41347,43491,HomeDetails
180954,107934,125140,HomeDetails
151083,92110,94779,HomeDetails
150584,39264,94280,HomeDetails
189146,52841,133332,HomeDetails
188164,122359,132350,HomeDetails
164736,105238,108432,HomeDetails
193474,34678,137660,HomeDetails
122588,64223,66274,HomeDetails
183306,105672,127492,HomeDetails
180421,47656,124607,HomeDetails
184203,51259,128389,HomeDetails
119070,60731,62752,HomeDetails
195311,113776,139496,HomeDetails
186734,122433,130920,HomeDetails
152009,93011,95705,HomeDetails
186641,122359,130827,HomeDetails
181069,109800,125255,HomeDetails
174237,114283,117933,HomeDetails
180363,48492,124549,HomeDetails
100966,33334,44603,HomeDetails
97468,38887,41104,HomeDetails
184030,82547,128216,HomeDetails
186819,37088,131005,HomeDetails
162791,103383,106487,HomeDetails
166350,106762,110046,HomeDetails
142009,83261,85705,HomeDetails
90848,3934,3204,HomeDetails
152414,93405,96110,HomeDetails
157563,98411,101259,HomeDetails
181399,101060,125585,HomeDetails
177497,117176,121516,HomeDetails
147102,88234,90798,HomeDetails
122190,63831,65876,HomeDetails
191511,53378,135697,HomeDetails
104100,45538,47753,HomeDetails
129051,70565,72747,HomeDetails
131835,73290,75531,HomeDetails
178049,117900,122068,HomeDetails
194071,128122,138257,HomeDetails
187939,123289,132125,HomeDetails
186165,60133,130351,HomeDetails
115914,57521,59590,HomeDetails
191367,126175,135553,HomeDetails
105111,46539,48765,HomeDetails
118006,34475,61685,HomeDetails
103792,45228,47441,HomeDetails
156316,97226,100012,HomeDetails
168108,108429,111804,HomeDetails
125862,67430,69549,HomeDetails
126291,67860,69978,HomeDetails
151720,92726,95416,HomeDetails
183323,110184,127509,HomeDetails
116242,57853,59919,HomeDetails
184730,37503,128916,HomeDetails
120939,62593,64624,HomeDetails
114458,56042,58133,HomeDetails
98908,40380,42545,HomeDetails
138598,76503,82294,HomeDetails
150262,91307,93958,HomeDetails
162876,103463,106572,HomeDetails
97609,39030,41245,HomeDetails